,colgadas
0,140.0
1,144.0
2,144.0
3,142.0
4,143.0
5,145.0
6,137.0
7,138.0
8,138.0
9,140.0
10,142.0
11,146.0
12,140.0
13,146.0
14,140.0
15,139.0
16,139.0
17,141.0
18,141.0
19,140.0
20,136.0
21,135.0
22,140.0
23,139.0
24,146.0
25,144.0
26,146.0
27,143.0
28,144.0
29,139.0
30,143.0
31,141.0
32,147.0
33,144.0
34,141.0
35,139.0
36,144.0
37,138.0
38,146.0
39,144.0
40,147.0
41,138.0
42,145.0
43,139.0
44,139.0
45,144.0
46,143.0
47,144.0
48,145.0
49,137.0
50,137.0
51,143.0
52,142.0
53,137.0
54,140.0
55,144.0
56,138.0
57,140.0
58,142.0
59,141.0
60,136.0
61,146.0
62,142.0
63,143.0
64,141.0
65,135.0
66,137.0
67,144.0
68,144.0
69,138.0
70,142.0
71,140.0
72,144.0
73,139.0
74,145.0
75,142.0
76,145.0
77,143.0
78,143.0
79,139.0
80,146.0
81,142.0
82,145.0
83,138.0
84,143.0
85,141.0
86,144.0
87,136.0
88,140.0
89,139.0
90,141.0
91,143.0
92,136.0
93,142.0
94,138.0
95,147.0
96,140.0
97,137.0
98,139.0
99,144.0
100,148.0
101,139.0
102,139.0
103,143.0
104,134.0
105,144.0
106,141.0
107,141.0
108,145.0
109,142.0
110,138.0
111,142.0
112,144.0
113,141.0
114,140.0
115,138.0
116,140.0
117,141.0
118,139.0
119,143.0
120,141.0
121,137.0
122,142.0
123,133.0
124,143.0
125,142.0
126,143.0
127,140.0
128,145.0
129,142.0
130,142.0
131,142.0
132,140.0
133,141.0
134,144.0
135,142.0
136,139.0
137,137.0
138,140.0
139,148.0
140,136.0
141,133.0
142,140.0
143,141.0
144,137.0
145,143.0
146,145.0
147,139.0
148,136.0
149,142.0
150,141.0
151,143.0
152,138.0
153,142.0
154,135.0
155,147.0
156,142.0
157,137.0
158,139.0
159,139.0
160,142.0
161,144.0
162,144.0
163,139.0
164,141.0
165,139.0
166,141.0
167,145.0
168,143.0
169,143.0
170,137.0
171,142.0
172,143.0
173,140.0
174,143.0
175,131.0
176,139.0
177,140.0
178,143.0
179,135.0
180,136.0
181,140.0
182,140.0
183,142.0
184,141.0
185,139.0
186,139.0
187,144.0
188,136.0
189,139.0
190,141.0
191,138.0
192,141.0
193,144.0
194,146.0
195,140.0
196,139.0
197,138.0
198,137.0
199,147.0
200,140.0
201,140.0
202,144.0
203,139.0
204,140.0
205,143.0
206,140.0
207,139.0
208,142.0
209,147.0
210,138.0
211,141.0
212,139.0
213,145.0
214,138.0
215,146.0
216,144.0
217,140.0
218,143.0
219,141.0
220,136.0
221,139.0
222,142.0
223,140.0
224,142.0
225,139.0
226,145.0
227,142.0
228,138.0
229,136.0
230,138.0
231,140.0
232,140.0
233,138.0
234,142.0
235,140.0
236,139.0
237,135.0
238,146.0
239,143.0
240,142.0
241,141.0
242,140.0
243,141.0
244,144.0
245,145.0
246,139.0
247,141.0
248,145.0
249,140.0
250,140.0
251,137.0
252,139.0
253,144.0
254,142.0
255,144.0
256,141.0
257,141.0
258,139.0
259,137.0
260,139.0
261,144.0
262,141.0
263,136.0
264,141.0
265,138.0
266,143.0
267,143.0
268,142.0
269,143.0
270,139.0
271,140.0
272,148.0
273,140.0
274,136.0
275,141.0
276,137.0
277,137.0
278,138.0
279,144.0
280,144.0
281,142.0
282,138.0
283,135.0
284,143.0
285,135.0
286,143.0
287,143.0
288,141.0
289,135.0
290,139.0
291,142.0
292,136.0
293,141.0
294,142.0
295,144.0
296,145.0
297,140.0
298,144.0
299,138.0
300,138.0
301,141.0
302,146.0
303,141.0
304,137.0
305,140.0
306,140.0
307,137.0
308,139.0
309,137.0
310,146.0
311,141.0
312,143.0
313,141.0
314,147.0
315,147.0
316,142.0
317,139.0
318,141.0
319,142.0
320,143.0
321,149.0
322,145.0
323,139.0
324,139.0
325,145.0
326,141.0
327,143.0
328,138.0
329,139.0
330,135.0
331,144.0
332,143.0
333,143.0
334,142.0
335,145.0
336,141.0
337,137.0
338,145.0
339,142.0
340,137.0
341,141.0
342,138.0
343,141.0
344,141.0
345,138.0
346,140.0
347,139.0
348,144.0
349,136.0
350,142.0
351,146.0
352,144.0
353,147.0
354,138.0
355,148.0
356,139.0
357,143.0
358,139.0
359,142.0
360,139.0
361,142.0
362,146.0
363,136.0
364,141.0
365,141.0
366,139.0
367,141.0
368,142.0
369,143.0
370,142.0
371,144.0
372,143.0
373,144.0
374,139.0
375,139.0
376,145.0
377,142.0
378,137.0
379,145.0
380,139.0
381,141.0
382,146.0
383,140.0
384,145.0
385,142.0
386,142.0
387,146.0
388,143.0
389,142.0
390,138.0
391,138.0
392,145.0
393,141.0
394,145.0
395,138.0
396,145.0
397,143.0
398,141.0
399,139.0
400,149.0
401,142.0
402,139.0
403,146.0
404,135.0
405,140.0
406,140.0
407,141.0
408,141.0
409,141.0
410,147.0
411,143.0
412,139.0
413,143.0
414,143.0
415,137.0
416,139.0
417,141.0
418,144.0
419,139.0
420,142.0
421,138.0
422,142.0
423,142.0
424,144.0
425,139.0
426,141.0
427,143.0
428,137.0
429,139.0
430,142.0
431,142.0
432,137.0
433,142.0
434,137.0
435,144.0
436,145.0
437,133.0
438,146.0
439,142.0
440,139.0
441,141.0
442,146.0
443,144.0
444,137.0
445,141.0
446,149.0
447,146.0
448,137.0
449,142.0
450,140.0
451,145.0
452,139.0
453,143.0
454,144.0
455,143.0
456,142.0
457,141.0
458,145.0
459,144.0
460,142.0
461,141.0
462,141.0
463,137.0
464,148.0
465,139.0
466,140.0
467,140.0
468,142.0
469,140.0
470,142.0
471,137.0
472,148.0
473,144.0
474,137.0
475,142.0
476,142.0
477,139.0
478,140.0
479,146.0
480,141.0
481,143.0
482,137.0
483,145.0
484,149.0
485,142.0
486,142.0
487,144.0
488,140.0
489,141.0
490,145.0
491,136.0
492,143.0
493,142.0
494,140.0
495,145.0
496,144.0
497,145.0
498,141.0
499,139.0
500,145.0
501,141.0
502,143.0
503,144.0
504,143.0
505,139.0
506,145.0
507,140.0
508,143.0
509,137.0
510,139.0
511,139.0
512,143.0
513,143.0
514,141.0
515,144.0
516,150.0
517,140.0
518,139.0
519,138.0
520,142.0
521,142.0
522,142.0
523,140.0
524,139.0
525,141.0
526,143.0
527,137.0
528,145.0
529,140.0
530,137.0
531,139.0
532,139.0
533,141.0
534,138.0
535,143.0
536,139.0
537,140.0
538,139.0
539,139.0
540,137.0
541,146.0
542,137.0
543,140.0
544,141.0
545,140.0
546,142.0
547,137.0
548,137.0
549,144.0
550,139.0
551,139.0
552,141.0
553,147.0
554,141.0
555,145.0
556,139.0
557,142.0
558,143.0
559,139.0
560,143.0
561,142.0
562,142.0
563,141.0
564,144.0
565,143.0
566,135.0
567,141.0
568,145.0
569,137.0
570,147.0
571,141.0
572,142.0
573,138.0
574,140.0
575,141.0
576,139.0
577,140.0
578,140.0
579,141.0
580,139.0
581,141.0
582,141.0
583,136.0
584,135.0
585,137.0
586,139.0
587,144.0
588,146.0
589,137.0
590,137.0
591,142.0
592,140.0
593,138.0
594,141.0
595,140.0
596,138.0
597,141.0
598,142.0
599,140.0
600,145.0
601,141.0
602,139.0
603,143.0
604,142.0
605,143.0
606,139.0
607,142.0
608,139.0
609,141.0
610,145.0
611,142.0
612,141.0
613,145.0
614,142.0
615,146.0
616,141.0
617,138.0
618,140.0
619,149.0
620,145.0
621,141.0
622,138.0
623,142.0
624,138.0
625,140.0
626,138.0
627,146.0
628,143.0
629,141.0
630,136.0
631,138.0
632,138.0
633,135.0
634,140.0
635,142.0
636,140.0
637,141.0
638,143.0
639,142.0
640,138.0
641,139.0
642,142.0
643,139.0
644,143.0
645,146.0
646,139.0
647,144.0
648,145.0
649,141.0
650,139.0
651,138.0
652,144.0
653,140.0
654,143.0
655,148.0
656,138.0
657,139.0
658,143.0
659,136.0
660,140.0
661,139.0
662,141.0
663,142.0
664,146.0
665,146.0
666,138.0
667,145.0
668,143.0
669,142.0
670,140.0
671,137.0
672,149.0
673,142.0
674,143.0
675,142.0
676,144.0
677,143.0
678,141.0
679,139.0
680,139.0
681,141.0
682,141.0
683,136.0
684,137.0
685,146.0
686,142.0
687,137.0
688,148.0
689,139.0
690,147.0
691,138.0
692,147.0
693,148.0
694,137.0
695,135.0
696,139.0
697,138.0
698,141.0
699,140.0
700,138.0
701,142.0
702,139.0
703,138.0
704,149.0
705,142.0
706,138.0
707,141.0
708,146.0
709,139.0
710,138.0
711,139.0
712,143.0
713,143.0
714,137.0
715,142.0
716,146.0
717,143.0
718,139.0
719,140.0
720,146.0
721,140.0
722,144.0
723,139.0
724,143.0
725,143.0
726,143.0
727,144.0
728,141.0
729,142.0
730,144.0
731,139.0
732,138.0
733,140.0
734,137.0
735,136.0
736,137.0
737,142.0
738,139.0
739,144.0
740,139.0
741,144.0
742,145.0
743,144.0
744,142.0
745,137.0
746,141.0
747,141.0
748,143.0
749,145.0
750,144.0
751,143.0
752,145.0
753,144.0
754,139.0
755,140.0
756,137.0
757,141.0
758,141.0
759,138.0
760,140.0
761,141.0
762,141.0
763,140.0
764,144.0
765,135.0
766,142.0
767,140.0
768,141.0
769,141.0
770,140.0
771,143.0
772,139.0
773,142.0
774,142.0
775,145.0
776,140.0
777,137.0
778,132.0
779,142.0
780,139.0
781,139.0
782,142.0
783,143.0
784,144.0
785,144.0
786,145.0
787,140.0
788,138.0
789,147.0
790,144.0
791,141.0
792,138.0
793,142.0
794,137.0
795,143.0
796,138.0
797,143.0
798,135.0
799,137.0
800,135.0
801,142.0
802,144.0
803,138.0
804,135.0
805,138.0
806,145.0
807,142.0
808,141.0
809,141.0
810,144.0
811,140.0
812,140.0
813,142.0
814,139.0
815,136.0
816,142.0
817,136.0
818,139.0
819,139.0
820,142.0
821,140.0
822,142.0
823,140.0
824,145.0
825,141.0
826,137.0
827,145.0
828,140.0
829,141.0
830,136.0
831,136.0
832,139.0
833,141.0
834,145.0
835,145.0
836,139.0
837,136.0
838,140.0
839,142.0
840,144.0
841,141.0
842,135.0
843,138.0
844,143.0
845,146.0
846,138.0
847,139.0
848,139.0
849,140.0
850,144.0
851,144.0
852,138.0
853,141.0
854,136.0
855,140.0
856,140.0
857,137.0
858,140.0
859,135.0
860,144.0
861,140.0
862,136.0
863,140.0
864,144.0
865,138.0
866,149.0
867,141.0
868,140.0
869,144.0
870,140.0
871,140.0
872,141.0
873,135.0
874,137.0
875,137.0
876,138.0
877,144.0
878,144.0
879,139.0
880,139.0
881,138.0
882,136.0
883,137.0
884,148.0
885,139.0
886,138.0
887,137.0
888,139.0
889,141.0
890,142.0
891,143.0
892,143.0
893,140.0
894,140.0
895,139.0
896,143.0
897,150.0
898,139.0
899,145.0
900,139.0
901,139.0
902,137.0
903,143.0
904,141.0
905,144.0
906,137.0
907,142.0
908,138.0
909,140.0
910,144.0
911,143.0
912,142.0
913,138.0
914,144.0
915,139.0
916,137.0
917,140.0
918,146.0
919,139.0
920,148.0
921,143.0
922,142.0
923,140.0
924,142.0
925,147.0
926,142.0
927,140.0
928,143.0
929,140.0
930,137.0
931,142.0
932,142.0
933,137.0
934,138.0
935,144.0
936,138.0
937,141.0
938,142.0
939,141.0
940,141.0
941,139.0
942,142.0
943,141.0
944,140.0
945,139.0
946,142.0
947,147.0
948,147.0
949,148.0
950,143.0
951,142.0
952,137.0
953,141.0
954,137.0
955,144.0
956,141.0
957,143.0
958,136.0
959,143.0
960,142.0
961,138.0
962,143.0
963,144.0
964,147.0
965,139.0
966,140.0
967,141.0
968,140.0
969,137.0
970,144.0
971,143.0
972,139.0
973,138.0
974,140.0
975,143.0
976,139.0
977,147.0
978,140.0
979,138.0
980,140.0
981,141.0
982,146.0
983,140.0
984,141.0
985,143.0
986,146.0
987,141.0
988,142.0
989,143.0
990,145.0
991,144.0
992,145.0
993,140.0
994,137.0
995,141.0
996,137.0
997,144.0
998,139.0
999,138.0
1000,141.06
